epoch,train_loss,loss,acc,precision,recall,f1,auc
1,0.49858974773016795,0.4597108183409038,0.8065789473684211,0.7559661277906081,0.7014285714285714,0.7276769173768062,0.877835119047619
2,0.4536955554293978,0.4343745033364547,0.805,0.7406866325785245,0.7242857142857143,0.7323943661971831,0.8825276785714284
3,0.43989608671168884,0.41628100809298063,0.8134210526315789,0.7256694970607446,0.7935714285714286,0.7581030365063118,0.8920505952380953
4,0.42753718563416276,0.38795193371019865,0.8178947368421052,0.7132530120481928,0.8457142857142858,0.7738562091503268,0.9093159226190477
5,0.40055740832287434,0.3927299259838305,0.8263157894736842,0.7421465968586387,0.81,0.7745901639344263,0.9067369047619046
6,0.3815710330720776,0.37712260258825203,0.8397368421052631,0.7645484949832776,0.8164285714285714,0.7896373056994819,0.9174136904761905
7,0.3643039708734265,0.3604810354584142,0.8463157894736842,0.7905982905982906,0.7928571428571428,0.7917261055634808,0.9235297619047618
8,0.3412480258436065,0.3626186587936,0.828421052631579,0.7205188679245284,0.8728571428571429,0.789405684754522,0.9235392857142857
9,0.3215104611620444,0.3555290939305958,0.8526315789473684,0.798719772403983,0.8021428571428572,0.8004276550249465,0.9280522321428571
10,0.292482496374392,0.3303755589535362,0.86,0.7924528301886793,0.84,0.8155339805825242,0.9345892857142857
11,0.2686218487832169,0.3414496089910206,0.8673684210526316,0.8177304964539007,0.8235714285714286,0.8206405693950178,0.9377764880952383
12,0.24228958164014883,0.3417005680109325,0.8663157894736843,0.795364238410596,0.8578571428571429,0.8254295532646048,0.940920238095238
13,0.2210166199908806,0.3367786044823496,0.8671052631578947,0.8176011355571328,0.8228571428571428,0.8202207191171236,0.9411125
14,0.2044533351762438,0.3530179973652488,0.8681578947368421,0.8190205819730305,0.8242857142857143,0.8216447134211463,0.9417020833333334
15,0.19596802195053295,0.3597219191413177,0.8673684210526316,0.8159379407616361,0.8264285714285714,0.8211497515968772,0.9418589285714286
