epoch,train_loss,loss,acc,balanced_acc,f1_macro,kappa
1,2.13629485296723,1.9000875452945107,0.6518421052631579,0.6511588693172327,0.4961486148346388,0.5258281878419835
2,1.7926713411971118,1.7848376103451378,0.7471052631578947,0.7246639886058605,0.6403068338734423,0.6428401669158381
3,1.59662123472986,1.7628616533781354,0.746578947368421,0.729164256576569,0.6443160573524558,0.6434658695101061
4,1.452368749592498,1.77479719513341,0.7839473684210526,0.7237505274469536,0.681200465543906,0.6877472159678695
5,1.3714703819848688,1.7399785335440383,0.7857894736842105,0.7414924408938646,0.6986871240815888,0.6921549472168944
6,1.3173175862272355,1.7497083453128213,0.775,0.7435719755393566,0.6974597479362512,0.678967225014036
7,1.2743539909953143,1.719529528366892,0.8023684210526316,0.7575643414902973,0.7195345236226629,0.7125499572622283
8,1.251922639585726,1.7386326413405568,0.8121052631578948,0.7440437090638358,0.7334375313228096,0.7245492860027545
9,1.2238371586424466,1.734826619499608,0.8205263157894737,0.761981827830253,0.7470053140203592,0.735487375431762
10,1.2122387959599314,1.7337206770244398,0.8289473684210527,0.7523157761531076,0.7528868722487037,0.7473427515499551
11,1.200461032016649,1.689476297780087,0.8218421052631579,0.7818503743932754,0.7504636502232089,0.7391446304413735
12,1.189514733794229,1.7010947363000166,0.8236842105263158,0.7768278804896711,0.7465943590390185,0.7412097195367959
13,1.1879911222646673,1.7215308445378354,0.8244736842105264,0.763328401129684,0.7497040701750737,0.7387938264406274
14,1.1801581349807722,1.7047977547896536,0.8281578947368421,0.7680046107001752,0.750888343494899,0.7471852015620846
15,1.1762784644906732,1.722803191636738,0.8152631578947368,0.755222293115166,0.7459749225159924,0.7311811161687364
16,1.211813117275719,1.7583235281392147,0.8107894736842105,0.7379328766615088,0.7255768670285995,0.7217561401643515
17,1.211216141948858,1.7772323482914976,0.7997368421052632,0.7327207952362588,0.705863944213513,0.7083697812279208
18,1.2074549790196771,1.7699672703993947,0.8110526315789474,0.7315055207819852,0.7168763207788991,0.7202427789025896
19,1.2075267643111254,1.7566043808585718,0.8157894736842105,0.7415255144624879,0.7303480390268688,0.7296141797642846
